vehicle_id,date,miles
V001,2024-01-02,120.5
V001,2024-01-03,85.0
V001,2024-01-05,60.25
V001,2024-01-07,140.0
V001,2024-01-08,95.5
V001,2024-01-10,110.0
V001,2024-01-12,75.25
V001,2024-01-15,130.0
V002,2024-01-02,200.0
V002,2024-01-04,150.75
V002,2024-01-05,180.25
V002,2024-01-06,90.0
V002,2024-01-09,210.5
V002,2024-01-11,165.0
V002,2024-01-13,120.0
V002,2024-01-14,95.5
V003,2024-01-03,110.0
V003,2024-01-04,130.5
V003,2024-01-06,75.0
V003,2024-01-07,160.25
V003,2024-01-08,115.0
V003,2024-01-10,140.75
V003,2024-01-11,90.25
V003,2024-01-12,100.0
V003,2024-01-15,125.5
V001,2023-12-31,50.0
